document,source_theme,topic
The team won the football match after scoring a late goal.,sports,0
Basketball players practiced shooting and defense before the game.,sports,3
The coach prepared the team for the championship and final match.,sports,0
Fans celebrated the tournament victory at the stadium after the match.,sports,0
The striker scored two goals during the soccer league game.,sports,3
A new software update improves smartphone security and performance.,technology,2
The computer processor and graphics card power the gaming laptop.,technology,2
Artificial intelligence helps computers analyze data and learn patterns.,technology,3
The technology company launched a cloud computing service and mobile app.,technology,2
"Engineers built a robot using sensors, software, and machine learning.",technology,2
"The chef cooked fresh pasta with tomato sauce, herbs, and cheese.",food,3
"A healthy breakfast includes fruit, yogurt, oatmeal, and coffee.",food,3
The restaurant serves spicy vegetable curry with rice and bread.,food,2
Fresh ingredients make this homemade soup delicious and nutritious.,food,3
We baked a chocolate cake and cookies for the family dinner.,food,2
Travelers explored the historic city and visited its famous museums.,travel,1
We booked a beach hotel for a relaxing summer vacation.,travel,1
The train journey crossed mountains and beautiful countryside.,travel,3
Tourists planned a road trip to national parks and scenic lakes.,travel,3
"Our flight landed late, but the airport shuttle reached the hotel.",travel,1
